-- MySQL dump 10.13  Distrib 8.0.27, for Win64 (x86_64)
--
-- Host: localhost    Database: appapi
-- ------------------------------------------------------
-- Server version	8.0.27

/*!40101 SET @OLD_CHARACTER_SET_CLIENT=@@CHARACTER_SET_CLIENT */;
/*!40101 SET @OLD_CHARACTER_SET_RESULTS=@@CHARACTER_SET_RESULTS */;
/*!40101 SET @OLD_COLLATION_CONNECTION=@@COLLATION_CONNECTION */;
/*!50503 SET NAMES utf8 */;
/*!40103 SET @OLD_TIME_ZONE=@@TIME_ZONE */;
/*!40103 SET TIME_ZONE='+00:00' */;
/*!40014 SET @OLD_UNIQUE_CHECKS=@@UNIQUE_CHECKS, UNIQUE_CHECKS=0 */;
/*!40014 SET @OLD_FOREIGN_KEY_CHECKS=@@FOREIGN_KEY_CHECKS, FOREIGN_KEY_CHECKS=0 */;
/*!40101 SET @OLD_SQL_MODE=@@SQL_MODE, SQL_MODE='NO_AUTO_VALUE_ON_ZERO' */;
/*!40111 SET @OLD_SQL_NOTES=@@SQL_NOTES, SQL_NOTES=0 */;

--
-- Table structure for table `chongimg`
--

DROP TABLE IF EXISTS `chongimg`;
/*!40101 SET @saved_cs_client     = @@character_set_client */;
/*!50503 SET character_set_client = utf8mb4 */;
CREATE TABLE `chongimg` (
  `url` varchar(555) NOT NULL,
  `chongimg` varchar(5000) NOT NULL,
  `id` int NOT NULL AUTO_INCREMENT,
  PRIMARY KEY (`id`),
  UNIQUE KEY `id_UNIQUE` (`id`)
) ENGINE=InnoDB AUTO_INCREMENT=155 DEFAULT CHARSET=utf8mb4 COLLATE=utf8mb4_0900_ai_ci;
/*!40101 SET character_set_client = @saved_cs_client */;

--
-- Dumping data for table `chongimg`
--

LOCK TABLES `chongimg` WRITE;
/*!40000 ALTER TABLE `chongimg` DISABLE KEYS */;
INSERT INTO `chongimg` VALUES ('1','http://127.0.0.1/img/testchongwu.png',1),('1646619537534','http://127.0.0.1/img/1646619522830+0df6b377be3e4acb9a8c8fa47269bf8f!400x400.jpeg',2),('1646665326441','http://127.0.0.1/img/1646665284592+0f9d024a8d174338b83e63c2e48035fd!400x400.jpeg',3),('1646665490437','http://127.0.0.1/img/1646665472571+3c72a470ea304437a22906cc2afc76ac!400x400.jpeg',4),('1646665661553','http://127.0.0.1/img/1646665590569+8a8f71a23b4d4715b4f4712bec23a629!400x400.jpeg',5),('1646666149626','http://127.0.0.1/img/1646666128854+6aca82075cdb4137b9cb68f2c0159f32!400x400.jpeg',6),('1646666642159','http://127.0.0.1/img/1646666512450+eaf1f0adae4b4d9b97eb19449a4a006a!400x400.jpeg',7),('1646666693784','http://127.0.0.1/img/1646666677342+a7dfd1c7c0cf4645899425216a81333b!400x400.jpeg',8),('1646666738704','http://127.0.0.1/img/1646666677342+b3fa1b62adee4925aca8f46193caf39a!400x400.jpeg',9),('1646666790528','http://127.0.0.1/img/1646666677342+e9408f4ebbfd409792c8541a0442947c!400x400.jpeg',10),('1646666863111','http://127.0.0.1/img/1646666677342+1bd0ffa0a1e1470a9e363748ad536734!400x400.jpeg',11),('1646735766284','http://127.0.0.1/img/1646735359859+6b39158fd3904bd8943cbf35adddf238!400x400.jpeghttp://127.0.0.1/img/1646735359859+6a7b4b714d6d4731b11982d210dbfef1!400x400.jpeg',12),('1646736050380','http://127.0.0.1/img/1646736018326+07c1f909b2c74760a0c38e392ee11b37!400x400.jpeg',13),('1646736220190','http://127.0.0.1/img/1646736103025+6aca82075cdb4137b9cb68f2c0159f32!400x400.jpeghttp://127.0.0.1/img/1646736103025+a7dfd1c7c0cf4645899425216a81333b!400x400.jpeg',14),('1646736433054','http://127.0.0.1/img/1646736426174+6a7b4b714d6d4731b11982d210dbfef1!400x400.jpeghttp://127.0.0.1/img/1646736426174+a7dfd1c7c0cf4645899425216a81333b!400x400.jpeg',15),('1646736878413','http://127.0.0.1/img/1646736842348+a7dfd1c7c0cf4645899425216a81333b!400x400.jpeg',16),('1646736921037','http://127.0.0.1/img/1646736842348+3c72a470ea304437a22906cc2afc76ac!400x400.jpeg',17),('1646736930852','http://127.0.0.1/img/1646736842348+3c72a470ea304437a22906cc2afc76ac!400x400.jpeg',18),('1646736955473','http://127.0.0.1/img/1646736842348+1bd0ffa0a1e1470a9e363748ad536734!400x400.jpeg',19),('1646736993309','http://127.0.0.1/img/1646736842348+3c72a470ea304437a22906cc2afc76ac!400x400.jpeg',20),('1646737046272','http://127.0.0.1/img/1646736842348+3c72a470ea304437a22906cc2afc76ac!400x400.jpeg',21),('1646737082007','http://127.0.0.1/img/1646736842348+3c72a470ea304437a22906cc2afc76ac!400x400.jpeg',22),('1646737191001','http://127.0.0.1/img/1646737166007+0df6b377be3e4acb9a8c8fa47269bf8f!400x400.jpeg',23),('1646737199864','http://127.0.0.1/img/1646737166007+0f9d024a8d174338b83e63c2e48035fd!400x400.jpeg',24),('1646737206451','http://127.0.0.1/img/1646737166007+3c72a470ea304437a22906cc2afc76ac!400x400.jpeg',25),('1646737337214','http://127.0.0.1/img/1646737236340+5ab67df62fc942fd9c968279d7dfa08e!400x400.jpeg',26),('1646737496007','http://127.0.0.1/img/1646737459713+07c1f909b2c74760a0c38e392ee11b37!400x400.jpeg',27),('1646737863791','http://127.0.0.1/img/1646737642888+6b39158fd3904bd8943cbf35adddf238!400x400.jpeg',28),('1646737961090','http://127.0.0.1/img/1646737961161+6aca82075cdb4137b9cb68f2c0159f32!400x400.jpeghttp://127.0.0.1/img/1646737956234+6b39158fd3904bd8943cbf35adddf238!400x400.jpeg',29),('1646738029301','http://127.0.0.1/img/1646738029375+6aca82075cdb4137b9cb68f2c0159f32!400x400.jpeghttp://127.0.0.1/img/1646737956234+6b39158fd3904bd8943cbf35adddf238!400x400.jpeg',30),('2','http://127.0.0.1/img/testchongwu.png',31),('1646738577220','6b39158fd3904bd8943cbf35adddf238!400x400.jpeg',32),('1646738577220','07c1f909b2c74760a0c38e392ee11b37!400x400.jpeg',33),('1646738577220','6aca82075cdb4137b9cb68f2c0159f32!400x400.jpeg',34),('1646738640538','http://127.0.0.1/img/1646738636373+6b39158fd3904bd8943cbf35adddf238!400x400.jpeg',35),('1646738640538','http://127.0.0.1/img/1646738636373+07c1f909b2c74760a0c38e392ee11b37!400x400.jpeg',36),('1646738640538','http://127.0.0.1/img/1646738636373+6aca82075cdb4137b9cb68f2c0159f32!400x400.jpeg',37),('1646739675515','http://127.0.0.1/img/1646738859214+0df6b377be3e4acb9a8c8fa47269bf8f!400x400.jpeg',38),('1646739675515','http://127.0.0.1/img/1646738859214+0f9d024a8d174338b83e63c2e48035fd!400x400.jpeg',39),('1646739675515','http://127.0.0.1/img/1646738859214+3c72a470ea304437a22906cc2afc76ac!400x400.jpeg',40),('1646739675515','http://127.0.0.1/img/1646738859214+5ab67df62fc942fd9c968279d7dfa08e!400x400.jpeg',41),('1646739675515','http://127.0.0.1/img/1646738859214+1bd0ffa0a1e1470a9e363748ad536734!400x400.jpeg',42),('1646739750426','http://127.0.0.1/img/1646738859214+1bd0ffa0a1e1470a9e363748ad536734!400x400.jpeg',43),('1646739750426','http://127.0.0.1/img/1646738859214+5ab67df62fc942fd9c968279d7dfa08e!400x400.jpeg',44),('1646739750426','http://127.0.0.1/img/1646738859214+3c72a470ea304437a22906cc2afc76ac!400x400.jpeg',45),('1646739750426','http://127.0.0.1/img/1646738859214+0df6b377be3e4acb9a8c8fa47269bf8f!400x400.jpeg',46),('1646739750426','http://127.0.0.1/img/1646738859214+0f9d024a8d174338b83e63c2e48035fd!400x400.jpeg',47),('1646749106451','http://127.0.0.1/img/1646749088037+0f9d024a8d174338b83e63c2e48035fd!400x400.jpeg',48),('1646749106451','http://127.0.0.1/img/1646749088037+1bd0ffa0a1e1470a9e363748ad536734!400x400.jpeg',49),('1646749106451','http://127.0.0.1/img/1646749088037+0df6b377be3e4acb9a8c8fa47269bf8f!400x400.jpeg',50),('1646749201572','http://127.0.0.1/img/1646749193878+1bd0ffa0a1e1470a9e363748ad536734!400x400.jpeg',51),('1646749201572','http://127.0.0.1/img/1646749193878+0df6b377be3e4acb9a8c8fa47269bf8f!400x400.jpeg',52),('1646749201572','http://127.0.0.1/img/1646749193878+0f9d024a8d174338b83e63c2e48035fd!400x400.jpeg',53),('1646752117129','http://127.0.0.1/img/1646751511275+f5ea9c6100ea45df979696633e810b94!400x400.jpeg',54),('1646752117129','http://127.0.0.1/img/1646751511275+fba2b7c6bf0844cf9214a2dc263e9a4d!400x400.jpeg',55),('1646752336205','http://127.0.0.1/img/1646751511275+1bd0ffa0a1e1470a9e363748ad536734!400x400.jpeg',56),('1646752336205','http://127.0.0.1/img/1646751511275+0f9d024a8d174338b83e63c2e48035fd!400x400.jpeg',57),('1646752336205','http://127.0.0.1/img/1646751511275+0df6b377be3e4acb9a8c8fa47269bf8f!400x400.jpeg',58),('1646752360494','http://127.0.0.1/img/1646751511275+0df6b377be3e4acb9a8c8fa47269bf8f!400x400.jpeg',59),('1646752360494','http://127.0.0.1/img/1646751511275+0f9d024a8d174338b83e63c2e48035fd!400x400.jpeg',60),('1646752382834','http://127.0.0.1/img/1646751511275+0df6b377be3e4acb9a8c8fa47269bf8f!400x400.jpeg',61),('1646752382834','http://127.0.0.1/img/1646751511275+0f9d024a8d174338b83e63c2e48035fd!400x400.jpeg',62),('1646752384013','http://127.0.0.1/img/1646751511275+0f9d024a8d174338b83e63c2e48035fd!400x400.jpeg',63),('1646752384013','http://127.0.0.1/img/1646751511275+0df6b377be3e4acb9a8c8fa47269bf8f!400x400.jpeg',64),('1646752384782','http://127.0.0.1/img/1646751511275+0df6b377be3e4acb9a8c8fa47269bf8f!400x400.jpeg',65),('1646752384782','http://127.0.0.1/img/1646751511275+0f9d024a8d174338b83e63c2e48035fd!400x400.jpeg',66),('1646752385351','http://127.0.0.1/img/1646751511275+0f9d024a8d174338b83e63c2e48035fd!400x400.jpeg',67),('1646752385351','http://127.0.0.1/img/1646751511275+0df6b377be3e4acb9a8c8fa47269bf8f!400x400.jpeg',68),('1646752385923','http://127.0.0.1/img/1646751511275+0df6b377be3e4acb9a8c8fa47269bf8f!400x400.jpeg',69),('1646752385923','http://127.0.0.1/img/1646751511275+0f9d024a8d174338b83e63c2e48035fd!400x400.jpeg',70),('1646752386639','http://127.0.0.1/img/1646751511275+0df6b377be3e4acb9a8c8fa47269bf8f!400x400.jpeg',71),('1646752386639','http://127.0.0.1/img/1646751511275+0f9d024a8d174338b83e63c2e48035fd!400x400.jpeg',72),('1646752387467','http://127.0.0.1/img/1646751511275+0df6b377be3e4acb9a8c8fa47269bf8f!400x400.jpeg',73),('1646752387467','http://127.0.0.1/img/1646751511275+0f9d024a8d174338b83e63c2e48035fd!400x400.jpeg',74),('1646752388252','http://127.0.0.1/img/1646751511275+0df6b377be3e4acb9a8c8fa47269bf8f!400x400.jpeg',75),('1646752388252','http://127.0.0.1/img/1646751511275+0f9d024a8d174338b83e63c2e48035fd!400x400.jpeg',76),('1646752388952','http://127.0.0.1/img/1646751511275+0df6b377be3e4acb9a8c8fa47269bf8f!400x400.jpeg',77),('1646752388952','http://127.0.0.1/img/1646751511275+0f9d024a8d174338b83e63c2e48035fd!400x400.jpeg',78),('1646752389672','http://127.0.0.1/img/1646751511275+0df6b377be3e4acb9a8c8fa47269bf8f!400x400.jpeg',79),('1646752389672','http://127.0.0.1/img/1646751511275+0f9d024a8d174338b83e63c2e48035fd!400x400.jpeg',80),('1646752390553','http://127.0.0.1/img/1646751511275+0df6b377be3e4acb9a8c8fa47269bf8f!400x400.jpeg',81),('1646752390553','http://127.0.0.1/img/1646751511275+0f9d024a8d174338b83e63c2e48035fd!400x400.jpeg',82),('1646752391053','http://127.0.0.1/img/1646751511275+0f9d024a8d174338b83e63c2e48035fd!400x400.jpeg',83),('1646752391053','http://127.0.0.1/img/1646751511275+0df6b377be3e4acb9a8c8fa47269bf8f!400x400.jpeg',84),('1646752612908','http://127.0.0.1/img/1646751511275+1bd0ffa0a1e1470a9e363748ad536734!400x400.jpeg',85),('1646752612908','http://127.0.0.1/img/1646751511275+0f9d024a8d174338b83e63c2e48035fd!400x400.jpeg',86),('1646752612908','http://127.0.0.1/img/1646751511275+0df6b377be3e4acb9a8c8fa47269bf8f!400x400.jpeg',87),('1646752659835','http://127.0.0.1/img/1646751511275+07c1f909b2c74760a0c38e392ee11b37!400x400.jpeg',88),('1646752659835','http://127.0.0.1/img/1646751511275+6b39158fd3904bd8943cbf35adddf238!400x400.jpeg',89),('1646752659835','http://127.0.0.1/img/1646751511275+8a8f71a23b4d4715b4f4712bec23a629!400x400.jpeg',90),('1646755501284','http://127.0.0.1/img/1646755404384+0df6b377be3e4acb9a8c8fa47269bf8f!400x400.jpeg',91),('1646755501284','http://127.0.0.1/img/1646755404384+0f9d024a8d174338b83e63c2e48035fd!400x400.jpeg',92),('1646755501284','http://127.0.0.1/img/1646755404384+1bd0ffa0a1e1470a9e363748ad536734!400x400.jpeg',93),('1646756238520','http://127.0.0.1/img/1646755404384+6a7b4b714d6d4731b11982d210dbfef1!400x400.jpeg',94),('1646756238520','http://127.0.0.1/img/1646755404384+6aca82075cdb4137b9cb68f2c0159f32!400x400.jpeg',95),('1646756238520','http://127.0.0.1/img/1646755404384+6b39158fd3904bd8943cbf35adddf238!400x400.jpeg',96),('1646756303001','http://127.0.0.1/img/1646755404384+6a7b4b714d6d4731b11982d210dbfef1!400x400.jpeg',97),('1646756303001','http://127.0.0.1/img/1646755404384+6b39158fd3904bd8943cbf35adddf238!400x400.jpeg',98),('1646756303001','http://127.0.0.1/img/1646755404384+6aca82075cdb4137b9cb68f2c0159f32!400x400.jpeg',99),('1646756303001','http://127.0.0.1/img/1646755404384+07c1f909b2c74760a0c38e392ee11b37!400x400.jpeg',100),('1646756343357','http://127.0.0.1/img/1646755404384+1bd0ffa0a1e1470a9e363748ad536734!400x400.jpeg',101),('1646756343357','http://127.0.0.1/img/1646755404384+3c72a470ea304437a22906cc2afc76ac!400x400.jpeg',102),('1646756343357','http://127.0.0.1/img/1646755404384+5ab67df62fc942fd9c968279d7dfa08e!400x400.jpeg',103),('1646756343357','http://127.0.0.1/img/1646755404384+0df6b377be3e4acb9a8c8fa47269bf8f!400x400.jpeg',104),('1646756343357','http://127.0.0.1/img/1646755404384+0f9d024a8d174338b83e63c2e48035fd!400x400.jpeg',105),('1646756384959','http://127.0.0.1/img/1646755404384+07c1f909b2c74760a0c38e392ee11b37!400x400.jpeg',106),('1646756384959','http://127.0.0.1/img/1646755404384+6b39158fd3904bd8943cbf35adddf238!400x400.jpeg',107),('1646756384959','http://127.0.0.1/img/1646755404384+6a7b4b714d6d4731b11982d210dbfef1!400x400.jpeg',108),('1646756384959','http://127.0.0.1/img/1646755404384+8a8f71a23b4d4715b4f4712bec23a629!400x400.jpeg',109),('1646756384959','http://127.0.0.1/img/1646755404384+6aca82075cdb4137b9cb68f2c0159f32!400x400.jpeg',110),('1646756437751','http://127.0.0.1/img/1646755404384+07c1f909b2c74760a0c38e392ee11b37!400x400.jpeg',111),('1646756437751','http://127.0.0.1/img/1646755404384+6b39158fd3904bd8943cbf35adddf238!400x400.jpeg',112),('1646756437751','http://127.0.0.1/img/1646755404384+6a7b4b714d6d4731b11982d210dbfef1!400x400.jpeg',113),('1646756437751','http://127.0.0.1/img/1646755404384+8a8f71a23b4d4715b4f4712bec23a629!400x400.jpeg',114),('1646756437751','http://127.0.0.1/img/1646755404384+6aca82075cdb4137b9cb68f2c0159f32!400x400.jpeg',115),('1646756492191','http://127.0.0.1/img/1646755404384+d68e123718ee401f89df2d5ddbffa4a7!400x400 (1).jpeg',116),('1646756492191','http://127.0.0.1/img/1646755404384+a7dfd1c7c0cf4645899425216a81333b!400x400.jpeg',117),('1646756492191','http://127.0.0.1/img/1646755404384+e9408f4ebbfd409792c8541a0442947c!400x400.jpeg',118),('1646756492191','http://127.0.0.1/img/1646755404384+defbfda781bc4d1595ec2b9935c47b28!400x400.jpeg',119),('1646756492191','http://127.0.0.1/img/1646755404384+b3fa1b62adee4925aca8f46193caf39a!400x400.jpeg',120),('1646756576872','http://127.0.0.1/img/1646755404384+e678529c095c4db3bbb7f121554b58b4!400x400.jpeg',121),('1646756576872','http://127.0.0.1/img/1646755404384+fba2b7c6bf0844cf9214a2dc263e9a4d!400x400.jpeg',122),('1646756576872','http://127.0.0.1/img/1646755404384+eaf1f0adae4b4d9b97eb19449a4a006a!400x400.jpeg',123),('1646756576872','http://127.0.0.1/img/1646755404384+f5ea9c6100ea45df979696633e810b94!400x400.jpeg',124),('1646756647292','http://127.0.0.1/img/1646755404384+3c72a470ea304437a22906cc2afc76ac!400x400.jpeg',125),('1646756647292','http://127.0.0.1/img/1646755404384+5ab67df62fc942fd9c968279d7dfa08e!400x400.jpeg',126),('1646756647292','http://127.0.0.1/img/1646755404384+07c1f909b2c74760a0c38e392ee11b37!400x400.jpeg',127),('1646756647292','http://127.0.0.1/img/1646755404384+6b39158fd3904bd8943cbf35adddf238!400x400.jpeg',128),('1646756647292','http://127.0.0.1/img/1646755404384+1bd0ffa0a1e1470a9e363748ad536734!400x400.jpeg',129),('1646756647292','http://127.0.0.1/img/1646755404384+8a8f71a23b4d4715b4f4712bec23a629!400x400.jpeg',130),('1646830960098','http://127.0.0.1/img/1646827755350+d68e123718ee401f89df2d5ddbffa4a7!400x400 (1).jpeg',131),('1646830960098','http://127.0.0.1/img/1646827755350+e9408f4ebbfd409792c8541a0442947c!400x400.jpeg',132),('1646830960098','http://127.0.0.1/img/1646827755350+defbfda781bc4d1595ec2b9935c47b28!400x400.jpeg',133),('1646832564583','http://127.0.0.1/img/1646827755350+6b39158fd3904bd8943cbf35adddf238!400x400.jpeg',134),('1646832612770','http://127.0.0.1/img/1646827755350+3c72a470ea304437a22906cc2afc76ac!400x400.jpeg',135),('1646832725423','http://127.0.0.1/img/1646827755350+f5ea9c6100ea45df979696633e810b94!400x400.jpeg',136),('1646832961961','http://127.0.0.1/img/1646827755350+1bd0ffa0a1e1470a9e363748ad536734!400x400.jpeg',137),('1646836716976','http://127.0.0.1/img/1646827755350+0f9d024a8d174338b83e63c2e48035fd!400x400.jpeg',138),('1647093912329','http://127.0.0.1/img/1647093895995+0f9d024a8d174338b83e63c2e48035fd!400x400.jpeg',139),('1647093912329','http://127.0.0.1/img/1647093895995+0df6b377be3e4acb9a8c8fa47269bf8f!400x400.jpeg',140),('1647094549613','http://127.0.0.1/img/1647093895995+6a7b4b714d6d4731b11982d210dbfef1!400x400.jpeg',141),('1647094549613','http://127.0.0.1/img/1647093895995+6b39158fd3904bd8943cbf35adddf238!400x400.jpeg',142),('1647094549613','http://127.0.0.1/img/1647093895995+6aca82075cdb4137b9cb68f2c0159f32!400x400.jpeg',143),('1647097866072','http://127.0.0.1/img/1647093895995+6a7b4b714d6d4731b11982d210dbfef1!400x400.jpeg',144),('1647097866072','http://127.0.0.1/img/1647093895995+6b39158fd3904bd8943cbf35adddf238!400x400.jpeg',145),('1647097866072','http://127.0.0.1/img/1647093895995+6aca82075cdb4137b9cb68f2c0159f32!400x400.jpeg',146),('1647097866072','http://127.0.0.1/img/1647093895995+07c1f909b2c74760a0c38e392ee11b37!400x400.jpeg',147),('1647097866072','http://127.0.0.1/img/1647093895995+8a8f71a23b4d4715b4f4712bec23a629!400x400.jpeg',148),('1647867648936','http://127.0.0.1/img/1647864758278+logo.png',149),('1647867648936','http://127.0.0.1/img/1647864758278+logo_index.png',150),('1647867648936','http://127.0.0.1/img/1647864758278+logoico.png',151),('1647921234123','http://127.0.0.1/img/1647920769617+eaf1f0adae4b4d9b97eb19449a4a006a!400x400.jpeg',152),('1647921234123','http://127.0.0.1/img/1647920769617+fba2b7c6bf0844cf9214a2dc263e9a4d!400x400.jpeg',153),('1647921234123','http://127.0.0.1/img/1647920769617+f5ea9c6100ea45df979696633e810b94!400x400.jpeg',154);
/*!40000 ALTER TABLE `chongimg` ENABLE KEYS */;
UNLOCK TABLES;

--
-- Table structure for table `chongmsg`
--

DROP TABLE IF EXISTS `chongmsg`;
/*!40101 SET @saved_cs_client     = @@character_set_client */;
/*!50503 SET character_set_client = utf8mb4 */;
CREATE TABLE `chongmsg` (
  `url` varchar(255) NOT NULL,
  `user_name` varchar(255) NOT NULL,
  `username` varchar(255) NOT NULL,
  `text` varchar(255) NOT NULL,
  `text_msg` longtext NOT NULL,
  `price` float NOT NULL DEFAULT '0',
  `user_touxiang` varchar(255) NOT NULL,
  `dianzan` int NOT NULL DEFAULT '0',
  `dizhi` varchar(255) NOT NULL DEFAULT '中国',
  PRIMARY KEY (`url`),
  UNIQUE KEY `url_UNIQUE` (`url`)
) ENGINE=InnoDB DEFAULT CHARSET=utf8mb4 COLLATE=utf8mb4_0900_ai_ci;
/*!40101 SET character_set_client = @saved_cs_client */;

--
-- Dumping data for table `chongmsg`
--

LOCK TABLES `chongmsg` WRITE;
/*!40000 ALTER TABLE `chongmsg` DISABLE KEYS */;
INSERT INTO `chongmsg` VALUES ('1646737046272','2499443165','2499443165','dadad','dadad',2020,'http://127.0.0.1/user_touxiang/testtouxiang.png',0,'雨湖区'),('1646737082007','2499443165','2499443165','dadad','dadad',2020,'http://127.0.0.1/user_touxiang/testtouxiang.png',0,'雨湖区'),('1646737191001','2499443165','2499443165','dadad','dadad',2020,'http://127.0.0.1/user_touxiang/testtouxiang.png',0,'雨湖区'),('1646737337214','2499443165','2499443165','1','1',20,'http://127.0.0.1/user_touxiang/testtouxiang.png',0,'雨湖区'),('1646737496007','2499443165','2499443165','22','22',222,'http://127.0.0.1/user_touxiang/testtouxiang.png',0,'雨湖区'),('1646738640538','2499443165','2499443165','44','44',333,'http://127.0.0.1/user_touxiang/testtouxiang.png',0,'雨湖区'),('1646739675515','2499443165','2499443165','99999','99999测试多占给照片',999999,'http://127.0.0.1/user_touxiang/testtouxiang.png',0,'雨湖区'),('1646739750426','2499443165','2499443165','测试多张照','测试多张照片发布',999999,'http://127.0.0.1/user_touxiang/testtouxiang.png',0,'雨湖区'),('1646749106451','2499443165','2499443165','你好啊','你好啊',1111,'http://127.0.0.1/user_touxiang/testtouxiang.png',0,'雨湖区'),('1646749201572','2499443165','2499443165','你好啊哈哈','你好啊哈哈哈哈',1111,'http://127.0.0.1/user_touxiang/testtouxiang.png',0,'雨湖区'),('1646752117129','2499443165','2499443165','测试发布','测试发布',99,'http://127.0.0.1/user_touxiang/testtouxiang.png',0,'雨湖区'),('1646752336205','2499443165','2499443165','测试发布','测试发布',66,'http://127.0.0.1/user_touxiang/testtouxiang.png',0,'雨湖区'),('1646752360494','2499443165','2499443165','测试发布2','测试发布2',99,'http://127.0.0.1/user_touxiang/testtouxiang.png',0,'雨湖区'),('1646752382834','2499443165','2499443165','测试发布2','测试发布2',99,'http://127.0.0.1/user_touxiang/testtouxiang.png',0,'雨湖区'),('1646752384013','2499443165','2499443165','测试发布2','测试发布2',99,'http://127.0.0.1/user_touxiang/testtouxiang.png',0,'雨湖区'),('1646752384782','2499443165','2499443165','测试发布2','测试发布2',99,'http://127.0.0.1/user_touxiang/testtouxiang.png',0,'雨湖区'),('1646752385351','2499443165','2499443165','测试发布2','测试发布2',99,'http://127.0.0.1/user_touxiang/testtouxiang.png',0,'雨湖区'),('1646752385923','2499443165','2499443165','测试发布2','测试发布2',99,'http://127.0.0.1/user_touxiang/testtouxiang.png',0,'雨湖区'),('1646752386639','2499443165','2499443165','测试发布2','测试发布2',99,'http://127.0.0.1/user_touxiang/testtouxiang.png',0,'雨湖区'),('1646752387467','2499443165','2499443165','测试发布2','测试发布2',99,'http://127.0.0.1/user_touxiang/testtouxiang.png',0,'雨湖区'),('1646752388252','2499443165','2499443165','测试发布2','测试发布2',99,'http://127.0.0.1/user_touxiang/testtouxiang.png',0,'雨湖区'),('1646752388952','2499443165','2499443165','测试发布2','测试发布2',99,'http://127.0.0.1/user_touxiang/testtouxiang.png',0,'雨湖区'),('1646752389672','2499443165','2499443165','测试发布2','测试发布2',99,'http://127.0.0.1/user_touxiang/testtouxiang.png',0,'雨湖区'),('1646752390553','2499443165','2499443165','测试发布2','测试发布2',99,'http://127.0.0.1/user_touxiang/testtouxiang.png',0,'雨湖区'),('1646752391053','2499443165','2499443165','测试发布2','测试发布2',99,'http://127.0.0.1/user_touxiang/testtouxiang.png',0,'雨湖区'),('1646752612908','2499443165','2499443165','哈哈哈哈哈','哈哈哈哈哈测试',999,'http://127.0.0.1/user_touxiang/testtouxiang.png',0,'雨湖区'),('1646752659835','2499443165','2499443165','第二次测试','第二次测试',666,'http://127.0.0.1/user_touxiang/testtouxiang.png',0,'雨湖区'),('1646755501284','17373342544','17373342544','HAHAH','HAHAHHAH',66.2,'http://127.0.0.1/user_touxiang/testtouxiang.png',0,'雨湖区'),('1646756238520','17373342544','17373342544','ohaha','ohahahah',20,'http://127.0.0.1/user_touxiang/testtouxiang.png',0,'雨湖区'),('1646756303001','17373342544','17373342544','hahah','hahahhaha',3333.33,'http://127.0.0.1/user_touxiang/testtouxiang.png',0,'雨湖区'),('1646756343357','17373342544','17373342544','daaaa','daaaaaaaaaaaaaa',22222,'http://127.0.0.1/user_touxiang/testtouxiang.png',0,'雨湖区'),('1646756384959','17373342544','17373342544','hahha','hahhahaha',6666,'http://127.0.0.1/user_touxiang/testtouxiang.png',0,'雨湖区'),('1646756437751','17373342544','17373342544','dadad','dadadada',999,'http://127.0.0.1/user_touxiang/testtouxiang.png',0,'雨湖区'),('1646756492191','17373342544','17373342544','daaaa','daaaaaaaaaaaaaaaaa',858,'http://127.0.0.1/user_touxiang/testtouxiang.png',0,'雨湖区'),('1646756576872','17373342544','17373342544','heheh','hehehhehehehe',75757,'http://127.0.0.1/user_touxiang/testtouxiang.png',0,'雨湖区'),('1646756647292','17373342544','17373342544','hhhhh','hhhhhhhhhhhhh',333,'http://127.0.0.1/user_touxiang/testtouxiang.png',0,'雨湖区'),('1646830960098','17373342544','17373342544','测试最终完','测试最终完成版',6666,'http://127.0.0.1/user_touxiang/testtouxiang.png',0,'雨湖区'),('1646832725423','22222222','22222222','测试新账号','测试新账号发布一张图片是否显示',30,'http://127.0.0.1/user_touxiang/testtouxiang.png',0,'雨湖区'),('1646832961961','22222222','22222222','54545','545454545',665,'http://127.0.0.1/user_touxiang/testtouxiang.png',0,'雨湖区'),('1646836716976','22222222','22222222','哈哈哈测试','哈哈哈测试时间',20,'http://127.0.0.1/user_touxiang/testtouxiang.png',0,'雨湖区'),('1647094549613','666666666','666666666','24242','24242',2442,'http://124.221.93.113:7666/user_touxiang/testtouxiang.png',0,'雨湖区'),('1647097866072','2499443165','2499443165','测试pc端','测试pc端发布',6666,'http://127.0.0.1/user_touxiang/testtouxiang.png',0,'雨湖区'),('1647867648936','123456789','123456789','测试与20','测试与2022.3.15',20,'http://127.0.0.1/user_touxiang/testtouxiang.png',0,'雨湖区'),('1647921234123','123456789','123456789','嘿嘿','嘿嘿',1,'http://127.0.0.1/user_touxiang/testtouxiang.png',0,'雨湖区'),('2','谭虹','88888888','测试2','测试数据2',3.01,'http://127.0.0.1/img/testchongwu.png',0,'中国');
/*!40000 ALTER TABLE `chongmsg` ENABLE KEYS */;
UNLOCK TABLES;

--
-- Table structure for table `user_cart`
--

DROP TABLE IF EXISTS `user_cart`;
/*!40101 SET @saved_cs_client     = @@character_set_client */;
/*!50503 SET character_set_client = utf8mb4 */;
CREATE TABLE `user_cart` (
  `id` int NOT NULL AUTO_INCREMENT,
  `username` varchar(255) NOT NULL,
  `url` varchar(255) NOT NULL,
  `pitch` tinyint NOT NULL DEFAULT '0',
  PRIMARY KEY (`id`),
  UNIQUE KEY `url_UNIQUE` (`url`)
) ENGINE=InnoDB AUTO_INCREMENT=79 DEFAULT CHARSET=utf8mb4 COLLATE=utf8mb4_0900_ai_ci COMMENT='用户购物车表';
/*!40101 SET character_set_client = @saved_cs_client */;

--
-- Dumping data for table `user_cart`
--

LOCK TABLES `user_cart` WRITE;
/*!40000 ALTER TABLE `user_cart` DISABLE KEYS */;
INSERT INTO `user_cart` VALUES (78,'123456789','1646738640538',0);
/*!40000 ALTER TABLE `user_cart` ENABLE KEYS */;
UNLOCK TABLES;

--
-- Table structure for table `user_login`
--

DROP TABLE IF EXISTS `user_login`;
/*!40101 SET @saved_cs_client     = @@character_set_client */;
/*!50503 SET character_set_client = utf8mb4 */;
CREATE TABLE `user_login` (
  `id` int NOT NULL AUTO_INCREMENT,
  `username` varchar(255) NOT NULL,
  `password` varchar(255) NOT NULL,
  `user_touxiang` varchar(255) DEFAULT NULL,
  `user_name` varchar(45) DEFAULT NULL,
  `user_gexin` varchar(255) DEFAULT NULL,
  `user_address` varchar(255) DEFAULT '无',
  PRIMARY KEY (`id`),
  UNIQUE KEY `username_UNIQUE` (`username`)
) ENGINE=InnoDB AUTO_INCREMENT=22 DEFAULT CHARSET=utf8mb4 COLLATE=utf8mb4_0900_ai_ci;
/*!40101 SET character_set_client = @saved_cs_client */;

--
-- Dumping data for table `user_login`
--

LOCK TABLES `user_login` WRITE;
/*!40000 ALTER TABLE `user_login` DISABLE KEYS */;
INSERT INTO `user_login` VALUES (1,'123456456wd','$2a$10$YPlKQQSpWguZtQFnkpAl6ud4MEcQV3N03Wcfguox8gTFpX6XrUAYq',NULL,NULL,NULL,'无'),(2,'123456','$2a$10$BF/xWksiuPGcTE7idGPNpe3cVZ0.2t7F6KM.JHI0HoabfNXSnXSGO',NULL,NULL,NULL,'无'),(3,'12345454651','$2a$10$B72C.Dz2Zk4ayQAvyubZcuGTK7Y6iNZ4JyUOZe3prxmpVCjBfxKjq',NULL,NULL,NULL,'无'),(4,'1234545sfs','$2a$10$0BegOSdGJok5I.lVdZTsbeUMbvkLOqf4v4TR/J.qvgF.HjZAFVOO.',NULL,NULL,NULL,'无'),(5,'1245sfs','$2a$10$dLKMzUIdBX0ANQc/BRN6AOqAMVWmQC7ugdPLt0INJy1UJOAjfvMtC',NULL,NULL,NULL,'无'),(6,'1245sfsz','$2a$10$ErhilS5CvBaL2uEUSDe4DexBCntNmKZmyYqZJqr.Rr/DMnE/7vcsW',NULL,NULL,NULL,'无'),(7,'1245sfszff','$2a$10$EAVWdZjk/pDk/pGJeOzS/.rMcL37aQxlXFGgYGCof0fDcbOkkv0my',NULL,NULL,NULL,'无'),(8,'1245sfszffgj','$2a$10$3AiTZOm7pxUH78wXzCq7CuVLvGRV4n6VWywhXD9mouApwoNQ98i6O',NULL,NULL,NULL,'无'),(9,'11111111','$2a$10$QqFFYu1E0r1Bcv/tE.Z8XOjkymYBKxUXEVLKphxS4eUQez3Cq/URu',NULL,NULL,NULL,'无'),(10,'88888888','$2a$10$fWhi9bksbs9MafvLRbCrEuzcqAHrDXRsj9DfTNQAzS3y3VpPInIOa',NULL,NULL,NULL,'无'),(11,'888888888','$2a$10$R1e6xbktaykmrSvBW08R8e.fT3hcHqDfvNZJInivczFqUD8sXZQ2y',NULL,NULL,NULL,'无'),(12,'8888888888','$2a$10$6olOpeSf47U010xjY3g9aOAZxQqIdYaFPft3gz8ES.2ZSkB7sDpX6',NULL,NULL,NULL,'无'),(13,'888888889','$2a$10$SCTZG09RyjbcGZI75HWpbepl1Jx19xOk4QYU49xbxJlrQHaf1bpV6',NULL,NULL,NULL,'无'),(14,'8888888890','$2a$10$5i2r4BARSkBTbFmpr6hmXOuv71P.YDM5OHFeUHg1expVLjD3FiFSO',NULL,NULL,NULL,'无'),(15,'77777777','$2a$10$mrQe2lPNd/8viF/747Zg7O0oscpm0Kj0m6TD7A3/Zm026Xvhkl0i2',NULL,NULL,NULL,'无'),(16,'999999999','$2a$10$0h5PCwtLBo475IC8PnwPBu.hqxH//5elK9f0PBBKZCvwHat3orT4a',NULL,NULL,NULL,'无'),(17,'66666666','$2a$10$nTvmSEB1KdinoPZtm1ukCO.DlalHb92gx2Ls2QaXus1htI.1nQAW2',NULL,NULL,NULL,'无'),(18,'2499443165','$2a$10$O8D12Su2V4yk1WgvEQQbmeqkvw9fuYSn1W6Q.jSPtnhJSqce5PxzC','http://127.0.0.1/user_touxiang/testtouxiang.png','2499443165','小主！取个好听的个性签名吧','无'),(19,'17373342544','$2a$10$CBCVtaKdCAU9ELDrVpPyPOtUuCxurhgrZfNdJYx6.g7hIBOy/c4PC','http://127.0.0.1/user_touxiang/testtouxiang.png','17373342544','小主！取个好听的个性签名吧','无'),(20,'22222222','$2a$10$cCAYbWrDIZ9vZsLZHW2iGOsMVrtSSkyMqDRBFQzZD1XW4AJKdSCiO','http://127.0.0.1/user_touxiang/testtouxiang.png','22222222','小主！取个好听的个性签名吧','无'),(21,'123456789','$2a$10$ZqZVh8FE8xPjyjaj1fXNdOCJIF2/vLnRNqu3TxjxDdOaEcvPccIX2','http://127.0.0.1/user_touxiang/1647924373803+f5ea9c6100ea45df979696633e810b94!400x400.jpeg','陈超','祝你我年少有为','湖南省湘潭市湖南科技大学');
/*!40000 ALTER TABLE `user_login` ENABLE KEYS */;
UNLOCK TABLES;
/*!40103 SET TIME_ZONE=@OLD_TIME_ZONE */;

/*!40101 SET SQL_MODE=@OLD_SQL_MODE */;
/*!40014 SET FOREIGN_KEY_CHECKS=@OLD_FOREIGN_KEY_CHECKS */;
/*!40014 SET UNIQUE_CHECKS=@OLD_UNIQUE_CHECKS */;
/*!40101 SET CHARACTER_SET_CLIENT=@OLD_CHARACTER_SET_CLIENT */;
/*!40101 SET CHARACTER_SET_RESULTS=@OLD_CHARACTER_SET_RESULTS */;
/*!40101 SET COLLATION_CONNECTION=@OLD_COLLATION_CONNECTION */;
/*!40111 SET SQL_NOTES=@OLD_SQL_NOTES */;

-- Dump completed on 2022-03-23 14:47:33
